<?xml version="1.0" encoding="UTF-8"?>
<manifest identifier="curso_trabalho_ept" version="1.0"
    xmlns="http://www.imsglobal.org/xsd/imscp_v1p1"
    xmlns:adlcp="http://www.adlnet.org/xsd/adlcp_rootv1p2"
    xmlns:xsi="http://www.w3.org/2001/XMLSchema-instance"
    xsi:schemaLocation="http://www.imsglobal.org/xsd/imscp_v1p1 imscp_v1p1.xsd
                        http://www.adlnet.org/xsd/adlcp_rootv1p2 adlcp_rootv1p2.xsd">

    <metadata>
        <schema>ADL SCORM</schema>
        <schemaversion>1.2</schemaversion>
        <lom>
            <general>
                <title>
                    <string>O Trabalho na Educação Profissional e Tecnológica</string>
                </title>
                <language>pt-BR</language>
            </general>
        </lom>
    </metadata>

    <organizations default="ORG-1">
        <organization identifier="ORG-1">
            <title>O Trabalho na Educação Profissional e Tecnológica</title>
            <item identifier="ITEM-INTRO" identifierref="RES-INTRO">
                <title>Introdução</title>
            </item>
            <item identifier="ITEM-1" identifierref="RES-1">
                <title>O trabalho na educação profissional e tecnológica</title>
            </item>
            <item identifier="ITEM-2" identifierref="RES-2">
                <title>As dimensões do trabalho na EPT brasileira</title>
            </item>
            <item identifier="ITEM-3" identifierref="RES-3">
                <title>Trabalho, EPT e lutas sociais</title>
            </item>
            <item identifier="ITEM-4" identifierref="RES-4">
                <title>O trabalho e a formação do trabalhador na EPT</title>
            </item>
            <item identifier="ITEM-5" identifierref="RES-5">
                <title>Quem são os trabalhadores - estudantes da EPT?</title>
            </item>
            <item identifier="ITEM-6" identifierref="RES-6">
                <title>Lutas, reivindicações e direitos</title>
            </item>
            <item identifier="ITEM-7" identifierref="RES-7">
                <title>Formação Humana Integral X Pragmatismo</title>
            </item>
            <item identifier="ITEM-SOBRE" identifierref="RES-SOBRE">
                <title>Sobre a autora</title>
            </item>
            <item identifier="ITEM-BIBLIOTECA" identifierref="RES-BIBLIOTECA">
                <title>Biblioteca de Recursos</title>
            </item>
            <item identifier="ITEM-CREDITOS" identifierref="RES-CREDITOS">
                <title>Créditos</title>
            </item>
        </organization>
    </organizations>

    <resources>
        <resource identifier="RES-INTRO" type="webcontent" href="https://ifsp-saojoaodaboavista.github.io/moodle-scorm/trabalho-educacao-1/index.html" adlcp:scormtype="sco">
            <file href="index.html"/>
        </resource>
        <resource identifier="RES-1" type="webcontent" href="https://ifsp-saojoaodaboavista.github.io/moodle-scorm/trabalho-educacao-1/pagina2.html" adlcp:scormtype="sco">
            <file href="pagina2.html"/>
        </resource>
        <resource identifier="RES-2" type="webcontent" href="https://ifsp-saojoaodaboavista.github.io/moodle-scorm/trabalho-educacao-1/pagina4.html" adlcp:scormtype="sco">
            <file href="pagina4.html"/>
        </resource>
        <resource identifier="RES-3" type="webcontent" href="https://ifsp-saojoaodaboavista.github.io/moodle-scorm/trabalho-educacao-1/pagina8.html" adlcp:scormtype="sco">
            <file href="pagina8.html"/>
        </resource>
        <resource identifier="RES-4" type="webcontent" href="https://ifsp-saojoaodaboavista.github.io/moodle-scorm/trabalho-educacao-1/pagina10.html" adlcp:scormtype="sco">
            <file href="pagina10.html"/>
        </resource>
        <resource identifier="RES-5" type="webcontent" href="https://ifsp-saojoaodaboavista.github.io/moodle-scorm/trabalho-educacao-1/pagina12.html" adlcp:scormtype="sco">
            <file href="pagina12.html"/>
        </resource>
        <resource identifier="RES-6" type="webcontent" href="https://ifsp-saojoaodaboavista.github.io/moodle-scorm/trabalho-educacao-1/pagina13.html" adlcp:scormtype="sco">
            <file href="pagina13.html"/>
        </resource>
        <resource identifier="RES-7" type="webcontent" href="https://ifsp-saojoaodaboavista.github.io/moodle-scorm/trabalho-educacao-1/pagina15-2.html" adlcp:scormtype="sco">
            <file href="pagina15-2.html"/>
        </resource>
        <resource identifier="RES-SOBRE" type="webcontent" href="https://ifsp-saojoaodaboavista.github.io/moodle-scorm/trabalho-educacao-1/pagina21.html" adlcp:scormtype="sco">
            <file href="pagina21.html"/>
        </resource>
        <resource identifier="RES-BIBLIOTECA" type="webcontent" href="https://ifsp-saojoaodaboavista.github.io/moodle-scorm/trabalho-educacao-1/pagina22.html" adlcp:scormtype="sco">
            <file href="pagina22.html"/>
        </resource>
        <resource identifier="RES-CREDITOS" type="webcontent" href="https://ifsp-saojoaodaboavista.github.io/moodle-scorm/trabalho-educacao-1/creditos.html" adlcp:scormtype="sco">
            <file href="creditos.html"/>
        </resource>
    </resources>
</manifest>
