<?xml version="1.0" encoding="UTF-8"?>
<manifest identifier="curso_gestao_democratica" version="1.0"
    xmlns="http://www.imsglobal.org/xsd/imscp_v1p1"
    xmlns:adlcp="http://www.adlnet.org/xsd/adlcp_rootv1p2"
    xmlns:xsi="http://www.w3.org/2001/XMLSchema-instance"
    xsi:schemaLocation="http://www.imsglobal.org/xsd/imscp_v1p1 imscp_v1p1.xsd
                        http://www.adlnet.org/xsd/adlcp_rootv1p2 adlcp_rootv1p2.xsd">
    
    <metadata>
        <schema>ADL SCORM</schema>
        <schemaversion>1.2</schemaversion>
        <lom>
            <general>
                <title>
                    <string>Gestão Democrática na Educação Profissional e Tecnológica</string>
                </title>
                <language>pt-BR</language>
            </general>
        </lom>
    </metadata>

    <organizations default="ORG-1">
        <organization identifier="ORG-1">
            <title>Gestão Democrática na Educação Profissional e Tecnológica</title>
            <item identifier="ITEM-INTRO" identifierref="RES-INTRO">
                <title>Introdução</title>
            </item>
            <item identifier="ITEM-1" identifierref="RES-1">
                <title>O que é a Democracia?</title>
            </item>
            <item identifier="ITEM-2" identifierref="RES-2">
                <title>O que é Gestão Democrática na EPT?</title>
            </item>
            <item identifier="ITEM-3" identifierref="RES-3">
                <title>Gestão Democrática e Representatividade</title>
            </item>
            <item identifier="ITEM-4" identifierref="RES-4">
                <title>Incidência da Gestão Democrática na Produção Documental</title>
            </item>
            <item identifier="ITEM-SOBRE" identifierref="RES-SOBRE">
                <title>Sobre o Autor</title>
            </item>
            <item identifier="ITEM-BIBLIOTECA" identifierref="RES-BIBLIOTECA">
                <title>Biblioteca de Recursos</title>
            </item>
            <item identifier="ITEM-ACESSIBILIDADE" identifierref="RES-ACESSIBILIDADE">
                <title>Acessibilidade</title>
            </item>
            <item identifier="ITEM-CREDITOS" identifierref="RES-CREDITOS">
                <title>Créditos</title>
            </item>
        </organization>
    </organizations>

    <resources>
        <resource identifier="RES-INTRO" type="webcontent" href="https://ifsp-saojoaodaboavista.github.io/moodle-scorm/gestao-democratica/index0.html" adlcp:scormtype="sco">
            <file href="index0.html"/>
        </resource>
        <resource identifier="RES-1" type="webcontent" href="https://ifsp-saojoaodaboavista.github.io/moodle-scorm/gestao-democratica/index.html" adlcp:scormtype="sco">
            <file href="index.html"/>
        </resource>
        <resource identifier="RES-2" type="webcontent" href="https://ifsp-saojoaodaboavista.github.io/moodle-scorm/gestao-democratica/pagina-2.html" adlcp:scormtype="sco">
            <file href="pagina-2.html"/>
        </resource>
        <resource identifier="RES-3" type="webcontent" href="https://ifsp-saojoaodaboavista.github.io/moodle-scorm/gestao-democratica/index-3.html" adlcp:scormtype="sco">
            <file href="index-3.html"/>
        </resource>
        <resource identifier="RES-4" type="webcontent" href="https://ifsp-saojoaodaboavista.github.io/moodle-scorm/gestao-democratica/pagina-13.html" adlcp:scormtype="sco">
            <file href="pagina-13.html"/>
        </resource>
        <resource identifier="RES-SOBRE" type="webcontent" href="https://ifsp-saojoaodaboavista.github.io/moodle-scorm/gestao-democratica/sobre-autor.html" adlcp:scormtype="sco">
            <file href="sobre-autor.html"/>
        </resource>
        <resource identifier="RES-BIBLIOTECA" type="webcontent" href="https://ifsp-saojoaodaboavista.github.io/moodle-scorm/gestao-democratica/biblioteca-recursos.html" adlcp:scormtype="sco">
            <file href="biblioteca-recursos.html"/>
        </resource>
        <resource identifier="RES-ACESSIBILIDADE" type="webcontent" href="https://ifsp-saojoaodaboavista.github.io/moodle-scorm/gestao-democratica/acessibilidade.html" adlcp:scormtype="sco">
            <file href="acessibilidade.html"/>
        </resource>
        <resource identifier="RES-CREDITOS" type="webcontent" href="https://ifsp-saojoaodaboavista.github.io/moodle-scorm/gestao-democratica/creditos.html" adlcp:scormtype="sco">
            <file href="creditos.html"/>
        </resource>
    </resources>
</manifest>
